ArrivalRate,device_write,cpus,memory,cpuLoad,size,Throughput,ResponseTime
10,10mb,0.5,256m,0,0,10.0,3.9
10,10mb,0.5,256m,100,0,10.0,7.1
10,10mb,0.5,256m,1000,0,10.0,4.1
10,10mb,0.5,256m,0,250,10.0,4.7
10,10mb,0.5,256m,100,250,10.0,4.1
10,10mb,0.5,256m,1000,250,10.0,4.1
10,10mb,0.5,256m,0,1000,10.0,3.5
10,10mb,0.5,256m,100,1000,10.0,3.5
10,10mb,0.5,256m,1000,1000,10.0,3.5
20,10mb,0.5,256m,0,0,9.7,2421.8
20,10mb,0.5,256m,100,0,9.1,5525.0
20,10mb,0.5,256m,1000,0,9.8,3888.0
20,10mb,0.5,256m,0,250,9.3,5566.5
20,10mb,0.5,256m,100,250,10.0,4067.8
20,10mb,0.5,256m,1000,250,10.3,2197.1
20,10mb,0.5,256m,0,1000,10.9,947.6
20,10mb,0.5,256m,100,1000,10.2,620.6
20,10mb,0.5,256m,1000,1000,9.8,872.5
40,10mb,0.5,256m,0,0,6.2,20687.8
40,10mb,0.5,256m,100,0,5.3,25949.8
40,10mb,0.5,256m,1000,0,5.5,26160.0
40,10mb,0.5,256m,0,250,4.7,31722.8
40,10mb,0.5,256m,100,250,4.4,34308.4
40,10mb,0.5,256m,1000,250,5.5,33982.6
40,10mb,0.5,256m,0,1000,4.6,12655.4
40,10mb,0.5,256m,100,1000,5.4,8827.8
40,10mb,0.5,256m,1000,1000,4.8,13305.7
75,10mb,0.5,256m,0,0,6.4,72830.4
75,10mb,0.5,256m,100,0,6.1,70846.7
75,10mb,0.5,256m,1000,0,6.0,74856.2
75,10mb,0.5,256m,0,250,5.8,72420.6
75,10mb,0.5,256m,100,250,5.5,65709.8
75,10mb,0.5,256m,1000,250,6.3,68830.1
75,10mb,0.5,256m,0,1000,6.0,41362.8
75,10mb,0.5,256m,100,1000,6.2,43232.5
75,10mb,0.5,256m,1000,1000,5.7,44284.8
100,10mb,0.5,256m,0,0,7.3,85109.7
100,10mb,0.5,256m,100,0,6.9,87438.5
100,10mb,0.5,256m,1000,0,6.9,92927.9
100,10mb,0.5,256m,0,250,7.2,91212.8
100,10mb,0.5,256m,100,250,7.2,95736.2
100,10mb,0.5,256m,1000,250,7.4,89111.6
100,10mb,0.5,256m,0,1000,6.9,63141.0
100,10mb,0.5,256m,100,1000,6.7,64389.4
100,10mb,0.5,256m,1000,1000,6.8,63962.2
10,10mb,0.5,512m,0,0,10.0,4.0
10,10mb,0.5,512m,100,0,10.0,7.3
10,10mb,0.5,512m,1000,0,10.0,4.0
10,10mb,0.5,512m,0,250,10.0,4.0
10,10mb,0.5,512m,100,250,10.0,3.9
10,10mb,0.5,512m,1000,250,10.0,3.9
10,10mb,0.5,512m,0,1000,10.0,3.4
10,10mb,0.5,512m,100,1000,10.0,3.4
10,10mb,0.5,512m,1000,1000,10.0,3.5
20,10mb,0.5,512m,0,0,20.0,340.8
20,10mb,0.5,512m,100,0,13.7,663.6
20,10mb,0.5,512m,1000,0,19.9,287.3
20,10mb,0.5,512m,0,250,19.7,239.6
20,10mb,0.5,512m,100,250,14.5,335.1
20,10mb,0.5,512m,1000,250,17.0,697.8
20,10mb,0.5,512m,0,1000,20.0,170.8
20,10mb,0.5,512m,100,1000,20.0,336.0
20,10mb,0.5,512m,1000,1000,16.2,315.3
40,10mb,0.5,512m,0,0,10.6,12910.5
40,10mb,0.5,512m,100,0,10.8,11454.3
40,10mb,0.5,512m,1000,0,10.3,11392.3
40,10mb,0.5,512m,0,250,10.8,11378.7
40,10mb,0.5,512m,100,250,10.5,11293.2
40,10mb,0.5,512m,1000,250,10.5,11159.4
40,10mb,0.5,512m,0,1000,10.4,4829.2
40,10mb,0.5,512m,100,1000,10.7,3824.2
40,10mb,0.5,512m,1000,1000,10.8,3677.4
75,10mb,0.5,512m,0,0,10.4,30685.2
75,10mb,0.5,512m,100,0,10.5,27726.2
75,10mb,0.5,512m,1000,0,10.4,30414.5
75,10mb,0.5,512m,0,250,9.9,25103.8
75,10mb,0.5,512m,100,250,9.8,30807.6
75,10mb,0.5,512m,1000,250,10.5,29195.9
75,10mb,0.5,512m,0,1000,10.3,20051.3
75,10mb,0.5,512m,100,1000,11.6,19985.9
75,10mb,0.5,512m,1000,1000,10.3,17656.8
100,10mb,0.5,512m,0,0,10.3,41393.4
100,10mb,0.5,512m,100,0,10.1,40048.1
100,10mb,0.5,512m,1000,0,10.1,40969.9
100,10mb,0.5,512m,0,250,9.7,41106.3
100,10mb,0.5,512m,100,250,10.2,42574.8
100,10mb,0.5,512m,1000,250,10.1,40275.6
100,10mb,0.5,512m,0,1000,10.1,29307.6
100,10mb,0.5,512m,100,1000,10.5,31041.6
100,10mb,0.5,512m,1000,1000,9.8,29793.9
10,10mb,0.5,1g,0,0,10.0,3.9
10,10mb,0.5,1g,100,0,10.0,4.0
10,10mb,0.5,1g,1000,0,10.0,3.9
10,10mb,0.5,1g,0,250,10.0,3.9
10,10mb,0.5,1g,100,250,10.0,4.0
10,10mb,0.5,1g,1000,250,10.0,4.0
10,10mb,0.5,1g,0,1000,10.0,3.5
10,10mb,0.5,1g,100,1000,10.0,3.5
10,10mb,0.5,1g,1000,1000,10.0,3.5
20,10mb,0.5,1g,0,0,20.0,3.8
20,10mb,0.5,1g,100,0,20.0,3.9
20,10mb,0.5,1g,1000,0,20.0,4.0
20,10mb,0.5,1g,0,250,20.0,4.0
20,10mb,0.5,1g,100,250,20.0,4.0
20,10mb,0.5,1g,1000,250,20.0,4.0
20,10mb,0.5,1g,0,1000,20.0,3.5
20,10mb,0.5,1g,100,1000,20.0,5.1
20,10mb,0.5,1g,1000,1000,20.0,3.4
40,10mb,0.5,1g,0,0,14.2,4580.0
40,10mb,0.5,1g,100,0,14.3,2669.4
40,10mb,0.5,1g,1000,0,14.2,4456.9
40,10mb,0.5,1g,0,250,15.9,2440.0
40,10mb,0.5,1g,100,250,14.2,4844.3
40,10mb,0.5,1g,1000,250,14.4,3935.1
40,10mb,0.5,1g,0,1000,14.3,1366.2
40,10mb,0.5,1g,100,1000,14.1,1527.5
40,10mb,0.5,1g,1000,1000,14.1,1463.2
75,10mb,0.5,1g,0,0,11.4,22620.9
75,10mb,0.5,1g,100,0,11.5,24209.9
75,10mb,0.5,1g,1000,0,11.6,23376.1
75,10mb,0.5,1g,0,250,11.4,25686.6
75,10mb,0.5,1g,100,250,11.4,25273.1
75,10mb,0.5,1g,1000,250,11.4,26037.2
75,10mb,0.5,1g,0,1000,11.5,13892.3
75,10mb,0.5,1g,100,1000,11.4,15540.4
75,10mb,0.5,1g,1000,1000,11.4,12340.3
100,10mb,0.5,1g,0,0,11.1,38128.1
100,10mb,0.5,1g,100,0,11.1,36791.2
100,10mb,0.5,1g,1000,0,11.0,38171.0
100,10mb,0.5,1g,0,250,11.0,36806.2
100,10mb,0.5,1g,100,250,11.2,34761.4
100,10mb,0.5,1g,1000,250,11.0,35914.6
100,10mb,0.5,1g,0,1000,11.2,23990.0
100,10mb,0.5,1g,100,1000,11.2,23935.5
100,10mb,0.5,1g,1000,1000,11.2,25995.1
10,10mb,1,256m,0,0,10.0,4.2
10,10mb,1,256m,100,0,10.0,4.1
10,10mb,1,256m,1000,0,10.0,4.2
10,10mb,1,256m,0,250,10.0,6.8
10,10mb,1,256m,100,250,10.0,4.8
10,10mb,1,256m,1000,250,10.0,4.3
10,10mb,1,256m,0,1000,10.0,3.5
10,10mb,1,256m,100,1000,10.0,3.5
10,10mb,1,256m,1000,1000,10.0,3.5
20,10mb,1,256m,0,0,10.7,2302.3
20,10mb,1,256m,100,0,10.5,2431.8
20,10mb,1,256m,1000,0,9.4,5486.5
20,10mb,1,256m,0,250,10.0,4325.6
20,10mb,1,256m,100,250,10.2,4088.8
20,10mb,1,256m,1000,250,10.5,2527.6
20,10mb,1,256m,0,1000,9.3,1028.5
20,10mb,1,256m,100,1000,10.5,848.4
20,10mb,1,256m,1000,1000,10.8,631.9
40,10mb,1,256m,0,0,5.1,26204.9
40,10mb,1,256m,100,0,4.2,34797.0
40,10mb,1,256m,1000,0,6.1,25129.7
40,10mb,1,256m,0,250,6.1,25876.1
40,10mb,1,256m,100,250,4.2,36886.3
40,10mb,1,256m,1000,250,5.3,24669.1
40,10mb,1,256m,0,1000,4.7,11774.9
40,10mb,1,256m,100,1000,5.0,12946.4
40,10mb,1,256m,1000,1000,5.3,7723.6
75,10mb,1,256m,0,0,6.3,72153.7
75,10mb,1,256m,100,0,6.2,78507.8
75,10mb,1,256m,1000,0,6.0,77199.7
75,10mb,1,256m,0,250,5.8,69358.1
75,10mb,1,256m,100,250,5.9,72005.1
75,10mb,1,256m,1000,250,5.4,68167.4
75,10mb,1,256m,0,1000,5.4,51656.4
75,10mb,1,256m,100,1000,5.9,44811.4
75,10mb,1,256m,1000,1000,6.5,45110.3
100,10mb,1,256m,0,0,25.5,4.5
100,10mb,1,256m,100,0,6.8,100759.7
100,10mb,1,256m,1000,0,6.6,96654.0
100,10mb,1,256m,0,250,6.5,96169.3
100,10mb,1,256m,100,250,6.9,93314.0
100,10mb,1,256m,1000,250,6.4,94338.5
100,10mb,1,256m,0,1000,6.5,64990.3
100,10mb,1,256m,100,1000,7.0,58471.8
100,10mb,1,256m,1000,1000,6.8,61039.5
10,10mb,1,512m,0,0,10.0,3.9
10,10mb,1,512m,100,0,10.0,5.2
10,10mb,1,512m,1000,0,10.0,11.6
10,10mb,1,512m,0,250,10.0,4.0
10,10mb,1,512m,100,250,10.0,4.0
10,10mb,1,512m,1000,250,10.0,4.0
10,10mb,1,512m,0,1000,10.0,3.5
10,10mb,1,512m,100,1000,10.0,3.4
10,10mb,1,512m,1000,1000,10.0,3.4
20,10mb,1,512m,0,0,14.4,313.5
20,10mb,1,512m,100,0,15.7,266.1
20,10mb,1,512m,1000,0,20.0,229.2
20,10mb,1,512m,0,250,20.0,344.8
20,10mb,1,512m,100,250,14.1,485.7
20,10mb,1,512m,1000,250,20.0,244.8
20,10mb,1,512m,0,1000,14.8,318.3
20,10mb,1,512m,100,1000,16.4,152.5
20,10mb,1,512m,1000,1000,20.0,157.6
40,10mb,1,512m,0,0,10.2,13753.4
40,10mb,1,512m,100,0,10.3,11961.5
40,10mb,1,512m,1000,0,10.6,12177.0
40,10mb,1,512m,0,250,10.8,7582.2
40,10mb,1,512m,100,250,10.9,6937.3
40,10mb,1,512m,1000,250,10.6,12833.8
40,10mb,1,512m,0,1000,10.6,3608.6
40,10mb,1,512m,100,1000,10.9,2559.3
40,10mb,1,512m,1000,1000,10.4,4596.4
75,10mb,1,512m,0,0,10.3,29296.7
75,10mb,1,512m,100,0,10.2,29795.2
75,10mb,1,512m,1000,0,10.2,29078.2
75,10mb,1,512m,0,250,10.3,30137.1
75,10mb,1,512m,100,250,10.3,29380.3
75,10mb,1,512m,1000,250,10.4,28392.8
75,10mb,1,512m,0,1000,8.9,18393.3
75,10mb,1,512m,100,1000,8.9,18804.6
75,10mb,1,512m,1000,1000,10.3,19731.7
100,10mb,1,512m,0,0,9.1,38707.1
100,10mb,1,512m,100,0,9.4,43380.3
100,10mb,1,512m,1000,0,11.6,37902.2
100,10mb,1,512m,0,250,10.0,41957.5
100,10mb,1,512m,100,250,9.5,39701.1
100,10mb,1,512m,1000,250,9.5,41789.8
100,10mb,1,512m,0,1000,9.4,27222.1
100,10mb,1,512m,100,1000,9.7,30155.4
100,10mb,1,512m,1000,1000,9.4,26902.5
10,10mb,1,1g,0,0,10.0,12.7
10,10mb,1,1g,100,0,10.0,7.7
10,10mb,1,1g,1000,0,10.0,4.0
10,10mb,1,1g,0,250,10.0,3.9
10,10mb,1,1g,100,250,10.0,4.0
10,10mb,1,1g,1000,250,10.0,4.0
10,10mb,1,1g,0,1000,10.0,3.5
10,10mb,1,1g,100,1000,10.0,3.5
10,10mb,1,1g,1000,1000,10.0,3.5
20,10mb,1,1g,0,0,20.0,3.9
20,10mb,1,1g,100,0,20.0,4.0
20,10mb,1,1g,1000,0,20.0,3.9
20,10mb,1,1g,0,250,20.0,4.0
20,10mb,1,1g,100,250,20.0,4.0
20,10mb,1,1g,1000,250,20.0,3.9
20,10mb,1,1g,0,1000,20.0,3.5
20,10mb,1,1g,100,1000,20.0,3.5
20,10mb,1,1g,1000,1000,20.0,3.5
40,10mb,1,1g,0,0,14.2,4799.3
40,10mb,1,1g,100,0,14.2,4615.3
40,10mb,1,1g,1000,0,14.6,2153.3
40,10mb,1,1g,0,250,14.2,4666.7
40,10mb,1,1g,100,250,14.5,2135.8
40,10mb,1,1g,1000,250,16.7,1845.5
40,10mb,1,1g,0,1000,14.2,1259.1
40,10mb,1,1g,100,1000,16.6,407.7
40,10mb,1,1g,1000,1000,24.6,838.4
75,10mb,1,1g,0,0,11.4,24134.5
75,10mb,1,1g,100,0,11.4,22435.7
75,10mb,1,1g,1000,0,11.4,24144.9
75,10mb,1,1g,0,250,11.6,23198.1
75,10mb,1,1g,100,250,11.5,23893.8
75,10mb,1,1g,1000,250,11.5,19212.2
75,10mb,1,1g,0,1000,11.5,13663.2
75,10mb,1,1g,100,1000,11.6,13731.9
75,10mb,1,1g,1000,1000,11.5,13880.6
100,10mb,1,1g,0,0,11.1,38315.7
100,10mb,1,1g,100,0,11.2,34850.3
100,10mb,1,1g,1000,0,11.2,35472.7
100,10mb,1,1g,0,250,11.1,36024.9
100,10mb,1,1g,100,250,11.0,36971.4
100,10mb,1,1g,1000,250,11.2,35321.0
100,10mb,1,1g,0,1000,11.0,25954.2
100,10mb,1,1g,100,1000,11.2,23734.5
100,10mb,1,1g,1000,1000,11.2,23742.1
10,10mb,2,256m,0,0,10.0,4.2
10,10mb,2,256m,100,0,10.0,4.0
10,10mb,2,256m,1000,0,10.0,4.1
10,10mb,2,256m,0,250,10.0,4.4
10,10mb,2,256m,100,250,10.0,4.3
10,10mb,2,256m,1000,250,10.0,4.0
10,10mb,2,256m,0,1000,10.0,3.5
10,10mb,2,256m,100,1000,10.0,3.6
10,10mb,2,256m,1000,1000,10.0,3.5
20,10mb,2,256m,0,0,10.8,3176.8
20,10mb,2,256m,100,0,9.2,5695.4
20,10mb,2,256m,1000,0,11.0,886.4
20,10mb,2,256m,0,250,10.8,2742.2
20,10mb,2,256m,100,250,10.0,3858.5
20,10mb,2,256m,1000,250,9.8,4581.9
20,10mb,2,256m,0,1000,10.0,1005.8
20,10mb,2,256m,100,1000,9.8,780.1
20,10mb,2,256m,1000,1000,10.1,1115.6
40,10mb,2,256m,0,0,4.2,36793.8
40,10mb,2,256m,100,0,6.1,24280.0
40,10mb,2,256m,1000,0,4.4,34336.5
40,10mb,2,256m,0,250,4.6,34313.0
40,10mb,2,256m,100,250,5.2,28434.6
40,10mb,2,256m,1000,250,5.2,31178.5
40,10mb,2,256m,0,1000,4.9,8841.1
40,10mb,2,256m,100,1000,4.7,10064.7
40,10mb,2,256m,1000,1000,5.4,6935.3
75,10mb,2,256m,0,0,6.2,70096.3
75,10mb,2,256m,100,0,6.2,73747.8
75,10mb,2,256m,1000,0,6.6,69303.4
75,10mb,2,256m,0,250,9.4,3.8
75,10mb,2,256m,100,250,6.0,68596.3
75,10mb,2,256m,1000,250,6.1,66027.6
75,10mb,2,256m,0,1000,5.7,49496.1
75,10mb,2,256m,100,1000,6.1,40994.3
75,10mb,2,256m,1000,1000,6.6,47800.0
100,10mb,2,256m,0,0,6.9,88402.7
100,10mb,2,256m,100,0,6.6,102183.8
100,10mb,2,256m,1000,0,6.6,92530.6
100,10mb,2,256m,0,250,7.0,93307.1
100,10mb,2,256m,100,250,7.6,87858.6
100,10mb,2,256m,1000,250,7.0,88991.2
100,10mb,2,256m,0,1000,23.9,174.5
100,10mb,2,256m,100,1000,6.6,67583.3
100,10mb,2,256m,1000,1000,6.6,68957.2
10,10mb,2,512m,0,0,10.0,5.5
10,10mb,2,512m,100,0,10.0,4.0
10,10mb,2,512m,1000,0,10.0,4.0
10,10mb,2,512m,0,250,10.0,4.0
10,10mb,2,512m,100,250,10.0,4.1
10,10mb,2,512m,1000,250,10.0,4.0
10,10mb,2,512m,0,1000,10.0,3.4
10,10mb,2,512m,100,1000,10.0,3.5
10,10mb,2,512m,1000,1000,10.0,3.5
20,10mb,2,512m,0,0,14.9,815.5
20,10mb,2,512m,100,0,15.1,306.0
20,10mb,2,512m,1000,0,20.0,359.0
20,10mb,2,512m,0,250,20.0,221.2
20,10mb,2,512m,100,250,17.3,320.1
20,10mb,2,512m,1000,250,14.4,332.7
20,10mb,2,512m,0,1000,20.0,235.8
20,10mb,2,512m,100,1000,14.5,360.7
20,10mb,2,512m,1000,1000,20.0,150.5
40,10mb,2,512m,0,0,10.8,11533.9
40,10mb,2,512m,100,0,9.4,6723.2
40,10mb,2,512m,1000,0,10.7,10791.9
40,10mb,2,512m,0,250,10.7,11457.0
40,10mb,2,512m,100,250,11.3,4973.7
40,10mb,2,512m,1000,250,10.5,14133.7
40,10mb,2,512m,0,1000,11.5,1129.5
40,10mb,2,512m,100,1000,10.7,3557.3
40,10mb,2,512m,1000,1000,10.4,4535.5
75,10mb,2,512m,0,0,8.5,28617.6
75,10mb,2,512m,100,0,10.7,26907.4
75,10mb,2,512m,1000,0,10.2,30002.6
75,10mb,2,512m,0,250,10.1,31221.5
75,10mb,2,512m,100,250,10.5,27816.9
75,10mb,2,512m,1000,250,8.5,28256.5
75,10mb,2,512m,0,1000,9.1,18465.5
75,10mb,2,512m,100,1000,9.4,17169.4
75,10mb,2,512m,1000,1000,8.0,16677.2
100,10mb,2,512m,0,0,8.1,39866.8
100,10mb,2,512m,100,0,9.4,38244.0
100,10mb,2,512m,1000,0,9.6,39674.9
100,10mb,2,512m,0,250,9.7,40950.0
100,10mb,2,512m,100,250,9.1,38731.5
100,10mb,2,512m,1000,250,9.6,41753.5
100,10mb,2,512m,0,1000,9.8,28096.9
100,10mb,2,512m,100,1000,8.6,32380.9
100,10mb,2,512m,1000,1000,9.1,26735.5
10,10mb,2,1g,0,0,10.0,3.8
10,10mb,2,1g,100,0,10.0,3.9
10,10mb,2,1g,1000,0,10.0,3.9
10,10mb,2,1g,0,250,10.0,4.1
10,10mb,2,1g,100,250,10.0,4.0
10,10mb,2,1g,1000,250,10.0,3.9
10,10mb,2,1g,0,1000,10.0,3.5
10,10mb,2,1g,100,1000,10.0,3.5
10,10mb,2,1g,1000,1000,10.0,3.4
20,10mb,2,1g,0,0,20.0,3.9
20,10mb,2,1g,100,0,20.0,3.9
20,10mb,2,1g,1000,0,20.0,4.0
20,10mb,2,1g,0,250,20.0,4.0
20,10mb,2,1g,100,250,20.0,7.3
20,10mb,2,1g,1000,250,20.0,4.0
20,10mb,2,1g,0,1000,20.0,3.4
20,10mb,2,1g,100,1000,20.0,3.5
20,10mb,2,1g,1000,1000,20.0,3.4
40,10mb,2,1g,0,0,14.3,3768.0
40,10mb,2,1g,100,0,15.7,2397.8
40,10mb,2,1g,1000,0,14.3,4565.0
40,10mb,2,1g,0,250,14.5,2255.6
40,10mb,2,1g,100,250,14.1,4402.8
40,10mb,2,1g,1000,250,14.3,4501.8
40,10mb,2,1g,0,1000,14.3,718.1
40,10mb,2,1g,100,1000,14.6,466.5
40,10mb,2,1g,1000,1000,14.2,1276.2
75,10mb,2,1g,0,0,11.4,24447.2
75,10mb,2,1g,100,0,11.4,22554.2
75,10mb,2,1g,1000,0,11.4,24327.4
75,10mb,2,1g,0,250,11.5,22497.0
75,10mb,2,1g,100,250,11.6,23552.5
75,10mb,2,1g,1000,250,11.4,22807.7
75,10mb,2,1g,0,1000,11.7,13853.1
75,10mb,2,1g,100,1000,11.5,13401.4
75,10mb,2,1g,1000,1000,11.4,13649.1
100,10mb,2,1g,0,0,11.0,37305.0
100,10mb,2,1g,100,0,11.1,35376.5
100,10mb,2,1g,1000,0,11.1,35286.2
100,10mb,2,1g,0,250,11.0,35736.6
100,10mb,2,1g,100,250,11.2,35731.3
100,10mb,2,1g,1000,250,11.1,38023.5
100,10mb,2,1g,0,1000,11.0,25732.5
100,10mb,2,1g,100,1000,11.0,25494.4
100,10mb,2,1g,1000,1000,11.0,25328.9
10,5mb,0.5,256m,0,0,6.0,467.5
10,5mb,0.5,256m,100,0,0.2,3.2
10,5mb,0.5,256m,1000,0,6.1,1327.2
10,5mb,0.5,256m,0,250,5.1,904.0
10,5mb,0.5,256m,100,250,4.9,666.0
10,5mb,0.5,256m,1000,250,1.3,14575.9
10,5mb,0.5,256m,0,1000,6.2,778.5
10,5mb,0.5,256m,100,1000,4.9,3.2
10,5mb,0.5,256m,1000,1000,1.8,2471.0
20,5mb,0.5,256m,0,0,7.2,6660.2
20,5mb,0.5,256m,100,0,6.6,9842.2
20,5mb,0.5,256m,1000,0,1.6,60096.4
20,5mb,0.5,256m,0,250,1.0,42205.5
20,5mb,0.5,256m,100,250,5.3,15104.8
20,5mb,0.5,256m,1000,250,6.3,9756.4
20,5mb,0.5,256m,0,1000,0.9,39968.5
20,5mb,0.5,256m,100,1000,3.5,5160.6
20,5mb,0.5,256m,1000,1000,1.4,25100.6
40,5mb,0.5,256m,0,0,2.7,69617.3
40,5mb,0.5,256m,100,0,4.5,35245.2
40,5mb,0.5,256m,1000,0,5.3,34919.9
40,5mb,0.5,256m,0,250,4.8,33236.2
40,5mb,0.5,256m,100,250,1.7,3.3
40,5mb,0.5,256m,1000,250,2.1,123812.7
40,5mb,0.5,256m,0,1000,4.3,22499.2
40,5mb,0.5,256m,100,1000,1.1,123075.0
40,5mb,0.5,256m,1000,1000,5.1,22572.1
75,5mb,0.5,256m,0,0,5.4,46293.2
75,5mb,0.5,256m,100,0,6.1,53396.9
75,5mb,0.5,256m,1000,0,1.2,14.0
75,5mb,0.5,256m,0,250,5.4,58900.0
75,5mb,0.5,256m,100,250,1.9,203574.1
75,5mb,0.5,256m,1000,250,6.8,64419.6
75,5mb,0.5,256m,0,1000,7.7,46404.9
75,5mb,0.5,256m,100,1000,0.9,8877.3
75,5mb,0.5,256m,1000,1000,11.5,31.2
100,5mb,0.5,256m,0,0,8.4,62071.8
100,5mb,0.5,256m,100,0,0.2,47243.5
100,5mb,0.5,256m,1000,0,3.9,78647.5
100,5mb,0.5,256m,0,250,19.6,13879.1
100,5mb,0.5,256m,100,250,19.7,11335.0
100,5mb,0.5,256m,1000,250,19.5,12924.2
100,5mb,0.5,256m,0,1000,18.8,7335.9
100,5mb,0.5,256m,100,1000,18.8,9779.6
100,5mb,0.5,256m,1000,1000,3.7,71684.4
10,5mb,0.5,512m,0,0,5.1,4.1
10,5mb,0.5,512m,100,0,1.3,4.1
10,5mb,0.5,512m,1000,0,7.0,441.9
10,5mb,0.5,512m,0,250,3.7,2301.8
10,5mb,0.5,512m,100,250,6.9,463.7
10,5mb,0.5,512m,1000,250,9.1,1306.0
10,5mb,0.5,512m,0,1000,7.7,332.8
10,5mb,0.5,512m,100,1000,8.5,1056.9
10,5mb,0.5,512m,1000,1000,7.2,502.9
20,5mb,0.5,512m,0,0,3.6,12012.3
20,5mb,0.5,512m,100,0,9.6,3.2
20,5mb,0.5,512m,1000,0,3.0,29488.1
20,5mb,0.5,512m,0,250,2.2,24543.9
20,5mb,0.5,512m,100,250,10.5,6992.5
20,5mb,0.5,512m,1000,250,2.5,24271.2
20,5mb,0.5,512m,0,1000,10.9,2887.5
20,5mb,0.5,512m,100,1000,2.6,12687.6
20,5mb,0.5,512m,1000,1000,2.3,6546.7
40,5mb,0.5,512m,0,0,3.0,37870.6
40,5mb,0.5,512m,100,0,2.7,31389.2
40,5mb,0.5,512m,1000,0,8.6,16071.2
40,5mb,0.5,512m,0,250,7.9,15077.2
40,5mb,0.5,512m,100,250,9.5,15521.5
40,5mb,0.5,512m,1000,250,2.7,53439.3
40,5mb,0.5,512m,0,1000,9.4,8945.0
40,5mb,0.5,512m,100,1000,2.4,47661.5
40,5mb,0.5,512m,1000,1000,2.5,47720.4
75,5mb,0.5,512m,0,0,11.1,19826.2
75,5mb,0.5,512m,100,0,13.1,26131.6
75,5mb,0.5,512m,1000,0,5.8,108704.5
75,5mb,0.5,512m,0,250,4.3,102769.3
75,5mb,0.5,512m,100,250,8.2,27544.9
75,5mb,0.5,512m,1000,250,3.5,93210.4
75,5mb,0.5,512m,0,1000,11.9,21587.5
75,5mb,0.5,512m,100,1000,11.9,23269.4
75,5mb,0.5,512m,1000,1000,11.7,18825.6
100,5mb,0.5,512m,0,0,5.5,120876.2
100,5mb,0.5,512m,100,0,9.9,32326.4
100,5mb,0.5,512m,1000,0,22.3,8661.4
100,5mb,0.5,512m,0,250,22.7,10025.5
100,5mb,0.5,512m,100,250,21.8,10115.1
100,5mb,0.5,512m,1000,250,21.5,12124.8
100,5mb,0.5,512m,0,1000,22.1,5865.2
100,5mb,0.5,512m,100,1000,22.8,4651.3
100,5mb,0.5,512m,1000,1000,22.9,3712.7
10,5mb,0.5,1g,0,0,4.0,3.9
10,5mb,0.5,1g,100,0,4.8,3.9
10,5mb,0.5,1g,1000,0,4.9,3.8
10,5mb,0.5,1g,0,250,5.2,3.7
10,5mb,0.5,1g,100,250,4.9,3.6
10,5mb,0.5,1g,1000,250,4.9,3.8
10,5mb,0.5,1g,0,1000,5.2,3.2
10,5mb,0.5,1g,100,1000,4.9,3.2
10,5mb,0.5,1g,1000,1000,5.2,3.4
20,5mb,0.5,1g,0,0,9.7,3.4
20,5mb,0.5,1g,100,0,9.7,3.4
20,5mb,0.5,1g,1000,0,6.5,14.9
20,5mb,0.5,1g,0,250,10.0,2622.1
20,5mb,0.5,1g,100,250,13.9,1313.8
20,5mb,0.5,1g,1000,250,3.3,10775.4
20,5mb,0.5,1g,0,1000,12.9,505.2
20,5mb,0.5,1g,100,1000,3.0,5584.5
20,5mb,0.5,1g,1000,1000,9.8,3.1
40,5mb,0.5,1g,0,0,3.8,14409.4
40,5mb,0.5,1g,100,0,15.1,3252.1
40,5mb,0.5,1g,1000,0,9.9,10177.8
40,5mb,0.5,1g,0,250,11.8,11729.1
40,5mb,0.5,1g,100,250,11.1,11223.0
40,5mb,0.5,1g,1000,250,9.6,12962.2
40,5mb,0.5,1g,0,1000,10.6,8376.7
40,5mb,0.5,1g,100,1000,11.4,7069.3
40,5mb,0.5,1g,1000,1000,11.0,6628.4
75,5mb,0.5,1g,0,0,3.7,56530.4
75,5mb,0.5,1g,100,0,11.0,16750.0
75,5mb,0.5,1g,1000,0,11.2,20504.2
75,5mb,0.5,1g,0,250,12.9,23443.8
75,5mb,0.5,1g,100,250,11.1,18681.3
75,5mb,0.5,1g,1000,250,10.9,18379.7
75,5mb,0.5,1g,0,1000,11.7,19517.6
75,5mb,0.5,1g,100,1000,5.4,78891.7
75,5mb,0.5,1g,1000,1000,3.5,61243.7
100,5mb,0.5,1g,0,0,14.7,30636.1
100,5mb,0.5,1g,100,0,5.0,98437.7
100,5mb,0.5,1g,1000,0,8.6,27496.4
100,5mb,0.5,1g,0,250,9.4,28740.8
100,5mb,0.5,1g,100,250,8.3,28601.7
100,5mb,0.5,1g,1000,250,3.7,8041.2
100,5mb,0.5,1g,0,1000,25.0,3.1
100,5mb,0.5,1g,100,1000,4.3,8190.9
100,5mb,0.5,1g,1000,1000,5.4,2.9
10,5mb,1,256m,0,0,6.4,689.6
10,5mb,1,256m,100,0,5.2,423.6
10,5mb,1,256m,1000,0,2.6,19336.8
10,5mb,1,256m,0,250,5.2,488.5
10,5mb,1,256m,100,250,1.8,18793.1
10,5mb,1,256m,1000,250,3.8,685.2
10,5mb,1,256m,0,1000,6.1,789.8
10,5mb,1,256m,100,1000,1.4,1402.6
10,5mb,1,256m,1000,1000,1.1,2043.3
20,5mb,1,256m,0,0,2.8,16840.3
20,5mb,1,256m,100,0,7.1,1874.5
20,5mb,1,256m,1000,0,7.8,4.6
20,5mb,1,256m,0,250,3.5,13813.9
20,5mb,1,256m,100,250,1.1,63197.9
20,5mb,1,256m,1000,250,0.9,75600.4
20,5mb,1,256m,0,1000,7.1,558.3
20,5mb,1,256m,100,1000,0.9,38679.6
20,5mb,1,256m,1000,1000,0.9,38392.6
40,5mb,1,256m,0,0,5.0,29148.3
40,5mb,1,256m,100,0,4.2,1541.4
40,5mb,1,256m,1000,0,4.6,32779.2
40,5mb,1,256m,0,250,4.0,34866.8
40,5mb,1,256m,100,250,3.6,3.6
40,5mb,1,256m,1000,250,1.6,98579.5
40,5mb,1,256m,0,1000,1.8,123163.6
40,5mb,1,256m,100,1000,4.6,27539.8
40,5mb,1,256m,1000,1000,1.3,124719.3
75,5mb,1,256m,0,0,2.1,186120.4
75,5mb,1,256m,100,0,6.2,56032.4
75,5mb,1,256m,1000,0,7.3,53340.6
75,5mb,1,256m,0,250,7.2,18.5
75,5mb,1,256m,100,250,9.8,11.2
75,5mb,1,256m,1000,250,2.1,218537.8
75,5mb,1,256m,0,1000,6.3,45241.0
75,5mb,1,256m,100,1000,5.9,40640.9
75,5mb,1,256m,1000,1000,2.1,170587.0
100,5mb,1,256m,0,0,3.9,97905.2
100,5mb,1,256m,100,0,3.1,130190.8
100,5mb,1,256m,1000,0,3.8,113248.7
100,5mb,1,256m,0,250,3.1,111539.0
100,5mb,1,256m,100,250,3.1,131226.3
100,5mb,1,256m,1000,250,14.2,3.8
100,5mb,1,256m,0,1000,19.2,5727.8
100,5mb,1,256m,100,1000,18.4,6950.6
100,5mb,1,256m,1000,1000,19.0,6562.4
10,5mb,1,512m,0,0,7.8,1057.6
10,5mb,1,512m,100,0,3.8,9497.2
10,5mb,1,512m,1000,0,6.8,397.7
10,5mb,1,512m,0,250,3.9,2460.2
10,5mb,1,512m,100,250,7.6,447.2
10,5mb,1,512m,1000,250,3.2,9595.8
10,5mb,1,512m,0,1000,5.2,3.3
10,5mb,1,512m,100,1000,2.4,1295.6
10,5mb,1,512m,1000,1000,7.3,309.9
20,5mb,1,512m,0,0,2.6,28251.2
20,5mb,1,512m,100,0,10.3,4422.1
20,5mb,1,512m,1000,0,2.5,32813.2
20,5mb,1,512m,0,250,2.5,31099.1
20,5mb,1,512m,100,250,2.3,24525.9
20,5mb,1,512m,1000,250,6.7,6627.3
20,5mb,1,512m,0,1000,14.1,797.8
20,5mb,1,512m,100,1000,6.6,2187.4
20,5mb,1,512m,1000,1000,2.5,8930.0
40,5mb,1,512m,0,0,8.9,14516.6
40,5mb,1,512m,100,0,9.1,14686.8
40,5mb,1,512m,1000,0,8.9,16681.6
40,5mb,1,512m,0,250,9.1,11558.9
40,5mb,1,512m,100,250,2.4,59332.9
40,5mb,1,512m,1000,250,8.1,18943.5
40,5mb,1,512m,0,1000,7.7,10164.5
40,5mb,1,512m,100,1000,7.7,9103.9
40,5mb,1,512m,1000,1000,10.1,10649.5
75,5mb,1,512m,0,0,9.8,20681.8
75,5mb,1,512m,100,0,12.3,20580.7
75,5mb,1,512m,1000,0,3.6,112974.4
75,5mb,1,512m,0,250,3.0,113295.6
75,5mb,1,512m,100,250,6.6,3.1
75,5mb,1,512m,1000,250,9.8,28386.3
75,5mb,1,512m,0,1000,3.3,80831.7
75,5mb,1,512m,100,1000,8.8,19878.5
75,5mb,1,512m,1000,1000,3.3,87781.2
100,5mb,1,512m,0,0,23.0,7278.8
100,5mb,1,512m,100,0,21.5,7684.9
100,5mb,1,512m,1000,0,4.5,47899.9
100,5mb,1,512m,0,250,5.9,50918.2
100,5mb,1,512m,100,250,4.9,42027.1
100,5mb,1,512m,1000,250,23.2,4565.8
100,5mb,1,512m,0,1000,23.8,4142.8
100,5mb,1,512m,100,1000,23.0,3279.2
100,5mb,1,512m,1000,1000,19.8,6540.4
10,5mb,1,1g,0,0,5.2,3.5
10,5mb,1,1g,100,0,5.2,3.9
10,5mb,1,1g,1000,0,4.9,3.6
10,5mb,1,1g,0,250,4.9,3.5
10,5mb,1,1g,100,250,4.1,3.8
10,5mb,1,1g,1000,250,5.2,2.9
10,5mb,1,1g,0,1000,4.8,3.4
10,5mb,1,1g,100,1000,5.2,2.5
10,5mb,1,1g,1000,1000,4.9,2.4
20,5mb,1,1g,0,0,3.4,10412.4
20,5mb,1,1g,100,0,3.4,18996.8
20,5mb,1,1g,1000,0,11.3,1230.4
20,5mb,1,1g,0,250,12.5,3037.4
20,5mb,1,1g,100,250,13.2,757.4
20,5mb,1,1g,1000,250,3.4,8699.0
20,5mb,1,1g,0,1000,13.2,485.5
20,5mb,1,1g,100,1000,13.8,405.8
20,5mb,1,1g,1000,1000,5.5,3027.4
40,5mb,1,1g,0,0,2.5,34612.5
40,5mb,1,1g,100,0,2.3,43991.6
40,5mb,1,1g,1000,0,2.4,34011.9
40,5mb,1,1g,0,250,10.3,11005.7
40,5mb,1,1g,100,250,12.4,12611.5
40,5mb,1,1g,1000,250,2.1,44511.7
40,5mb,1,1g,0,1000,2.3,36141.3
40,5mb,1,1g,100,1000,9.4,5988.1
40,5mb,1,1g,1000,1000,9.5,10055.3
75,5mb,1,1g,0,0,10.2,17719.6
75,5mb,1,1g,100,0,11.1,18920.3
75,5mb,1,1g,1000,0,12.7,25120.6
75,5mb,1,1g,0,250,3.2,67927.1
75,5mb,1,1g,100,250,3.4,69337.6
75,5mb,1,1g,1000,250,3.3,67637.5
75,5mb,1,1g,0,1000,3.6,49722.4
75,5mb,1,1g,100,1000,3.1,35775.3
75,5mb,1,1g,1000,1000,6.0,9501.5
100,5mb,1,1g,0,0,47.9,3.1
100,5mb,1,1g,100,0,5.9,13163.4
100,5mb,1,1g,1000,0,5.8,32744.7
100,5mb,1,1g,0,250,9.1,26326.7
100,5mb,1,1g,100,250,5.7,28655.8
100,5mb,1,1g,1000,250,8.9,21415.4
100,5mb,1,1g,0,1000,5.8,21919.7
100,5mb,1,1g,100,1000,5.7,16964.0
100,5mb,1,1g,1000,1000,8.9,17923.9
10,5mb,2,256m,0,0,1.6,16588.9
10,5mb,2,256m,100,0,1.1,20769.4
10,5mb,2,256m,1000,0,1.3,21744.0
10,5mb,2,256m,0,250,1.3,21330.7
10,5mb,2,256m,100,250,5.2,571.0
10,5mb,2,256m,1000,250,1.3,20208.3
10,5mb,2,256m,0,1000,5.2,682.8
10,5mb,2,256m,100,1000,0.6,24612.2
10,5mb,2,256m,1000,1000,3.3,1883.8
20,5mb,2,256m,0,0,0.9,73856.5
20,5mb,2,256m,100,0,0.7,86508.8
20,5mb,2,256m,1000,0,7.7,5.9
20,5mb,2,256m,0,250,1.2,56573.7
20,5mb,2,256m,100,250,1.4,77209.9
20,5mb,2,256m,1000,250,1.1,42774.4
20,5mb,2,256m,0,1000,4.7,415.6
20,5mb,2,256m,100,1000,3.1,19457.7
20,5mb,2,256m,1000,1000,3.4,17291.2
40,5mb,2,256m,0,0,6.6,3.5
40,5mb,2,256m,100,0,5.6,3250.7
40,5mb,2,256m,1000,0,1.4,123565.1
40,5mb,2,256m,0,250,1.1,147287.4
40,5mb,2,256m,100,250,5.9,31037.1
40,5mb,2,256m,1000,250,1.1,155555.8
40,5mb,2,256m,0,1000,3.4,31128.4
40,5mb,2,256m,100,1000,2.1,2106.0
40,5mb,2,256m,1000,1000,3.7,261.4
75,5mb,2,256m,0,0,11.2,16.2
75,5mb,2,256m,100,0,6.8,59090.5
75,5mb,2,256m,1000,0,2.2,211472.9
75,5mb,2,256m,0,250,2.1,170628.9
75,5mb,2,256m,100,250,1.9,192579.5
75,5mb,2,256m,1000,250,6.7,59339.1
75,5mb,2,256m,0,1000,20.1,4395.9
75,5mb,2,256m,100,1000,22.7,5686.2
75,5mb,2,256m,1000,1000,18.7,6276.0
100,5mb,2,256m,0,0,13.9,3.5
100,5mb,2,256m,100,0,21.5,4.9
100,5mb,2,256m,1000,0,20.2,10297.8
100,5mb,2,256m,0,250,18.7,12295.5
100,5mb,2,256m,100,250,22.3,5.5
100,5mb,2,256m,1000,250,18.0,12110.0
100,5mb,2,256m,0,1000,18.1,8943.5
100,5mb,2,256m,100,1000,19.0,9147.7
100,5mb,2,256m,1000,1000,14.9,7301.5
10,5mb,2,512m,0,0,7.3,321.2
10,5mb,2,512m,100,0,4.9,3.7
10,5mb,2,512m,1000,0,7.5,702.7
10,5mb,2,512m,0,250,2.3,10080.2
10,5mb,2,512m,100,250,9.9,1889.2
10,5mb,2,512m,1000,250,6.6,404.7
10,5mb,2,512m,0,1000,1.8,1476.7
10,5mb,2,512m,100,1000,2.0,2197.9
10,5mb,2,512m,1000,1000,9.1,1456.3
20,5mb,2,512m,0,0,2.6,26700.8
20,5mb,2,512m,100,0,2.5,31888.2
20,5mb,2,512m,1000,0,2.5,30432.0
20,5mb,2,512m,0,250,14.3,1315.5
20,5mb,2,512m,100,250,6.7,5563.9
20,5mb,2,512m,1000,250,11.1,758.1
20,5mb,2,512m,0,1000,7.1,873.5
20,5mb,2,512m,100,1000,2.3,40963.2
20,5mb,2,512m,1000,1000,1.7,36420.8
40,5mb,2,512m,0,0,2.2,59666.3
40,5mb,2,512m,100,0,2.5,57382.6
40,5mb,2,512m,1000,0,8.4,14704.3
40,5mb,2,512m,0,250,9.5,15182.5
40,5mb,2,512m,100,250,2.5,61102.3
40,5mb,2,512m,1000,250,7.6,14704.0
40,5mb,2,512m,0,1000,6.4,13924.3
40,5mb,2,512m,100,1000,2.8,68984.4
40,5mb,2,512m,1000,1000,2.6,61708.8
75,5mb,2,512m,0,0,3.1,93947.2
75,5mb,2,512m,100,0,4.2,106441.2
75,5mb,2,512m,1000,0,11.3,25863.3
75,5mb,2,512m,0,250,4.0,99993.7
75,5mb,2,512m,100,250,3.2,97606.2
75,5mb,2,512m,1000,250,8.0,24787.8
75,5mb,2,512m,0,1000,4.8,19917.1
75,5mb,2,512m,100,1000,4.9,21776.6
75,5mb,2,512m,1000,1000,22.5,2493.6
100,5mb,2,512m,0,0,21.4,8328.1
100,5mb,2,512m,100,0,21.2,6857.2
100,5mb,2,512m,1000,0,26.1,6962.5
100,5mb,2,512m,0,250,4.1,44113.1
100,5mb,2,512m,100,250,20.4,9041.4
100,5mb,2,512m,1000,250,20.3,10217.9
100,5mb,2,512m,0,1000,19.9,5064.9
100,5mb,2,512m,100,1000,19.9,5641.0
100,5mb,2,512m,1000,1000,19.7,7653.3
10,5mb,2,1g,0,0,6.0,7.0
10,5mb,2,1g,100,0,4.0,3.4
10,5mb,2,1g,1000,0,4.9,3.6
10,5mb,2,1g,0,250,5.3,3.1
10,5mb,2,1g,100,250,4.9,3.6
10,5mb,2,1g,1000,250,4.9,4.0
10,5mb,2,1g,0,1000,4.9,2.8
10,5mb,2,1g,100,1000,3.4,1045.3
10,5mb,2,1g,1000,1000,4.9,3.0
20,5mb,2,1g,0,0,12.5,472.1
20,5mb,2,1g,100,0,10.4,4.1
20,5mb,2,1g,1000,0,3.4,10704.1
20,5mb,2,1g,0,250,10.4,3.6
20,5mb,2,1g,100,250,5.8,8681.3
20,5mb,2,1g,1000,250,7.4,7521.5
20,5mb,2,1g,0,1000,5.3,4779.0
20,5mb,2,1g,100,1000,7.9,1323.6
20,5mb,2,1g,1000,1000,7.9,2501.8
40,5mb,2,1g,0,0,10.1,9629.8
40,5mb,2,1g,100,0,11.1,12545.1
40,5mb,2,1g,1000,0,8.2,12408.7
40,5mb,2,1g,0,250,2.2,43427.0
40,5mb,2,1g,100,250,2.3,50843.4
40,5mb,2,1g,1000,250,2.5,57722.5
40,5mb,2,1g,0,1000,6.8,11042.3
40,5mb,2,1g,100,1000,8.9,10740.9
40,5mb,2,1g,1000,1000,7.7,9946.1
75,5mb,2,1g,0,0,9.8,18272.7
75,5mb,2,1g,100,0,3.1,71707.4
75,5mb,2,1g,1000,0,13.6,26247.0
75,5mb,2,1g,0,250,16.2,16768.9
75,5mb,2,1g,100,250,6.0,21375.4
75,5mb,2,1g,1000,250,6.3,11916.2
75,5mb,2,1g,0,1000,6.2,6426.5
75,5mb,2,1g,100,1000,3.3,55298.2
75,5mb,2,1g,1000,1000,6.0,12036.8
100,5mb,2,1g,0,0,36.0,3.2
100,5mb,2,1g,100,0,2.6,3.2
100,5mb,2,1g,1000,0,7.9,74182.0
100,5mb,2,1g,0,250,8.0,74412.8
100,5mb,2,1g,100,250,7.9,75102.4
100,5mb,2,1g,1000,250,8.0,76861.0
100,5mb,2,1g,0,1000,7.9,50344.7
100,5mb,2,1g,100,1000,8.0,52607.4
100,5mb,2,1g,1000,1000,7.8,49698.2
10,20mb,0.5,256m,0,0,0.0,4.1
10,20mb,0.5,256m,100,0,0.0,4.1
10,20mb,0.5,256m,1000,0,0.0,4.2
10,20mb,0.5,256m,0,250,0.0,4.1
10,20mb,0.5,256m,100,250,0.0,4.2
10,20mb,0.5,256m,1000,250,0.0,4.3
10,20mb,0.5,256m,0,1000,0.0,3.6
10,20mb,0.5,256m,100,1000,0.0,3.6
10,20mb,0.5,256m,1000,1000,0.0,3.7
20,20mb,0.5,256m,0,0,14.8,398.1
20,20mb,0.5,256m,100,0,0.0,4.4
20,20mb,0.5,256m,1000,0,17.8,620.0
20,20mb,0.5,256m,0,250,0.0,4.9
20,20mb,0.5,256m,100,250,16.4,453.2
20,20mb,0.5,256m,1000,250,0.0,4.8
20,20mb,0.5,256m,0,1000,10.2,578.7
20,20mb,0.5,256m,100,1000,14.8,275.5
20,20mb,0.5,256m,1000,1000,17.4,134.9
40,20mb,0.5,256m,0,0,18.7,1642.0
40,20mb,0.5,256m,100,0,31.2,977.5
40,20mb,0.5,256m,1000,0,26.8,1865.2
40,20mb,0.5,256m,0,250,19.3,1816.0
40,20mb,0.5,256m,100,250,33.4,827.2
40,20mb,0.5,256m,1000,250,35.0,810.1
40,20mb,0.5,256m,0,1000,30.8,740.9
40,20mb,0.5,256m,100,1000,18.6,1554.2
40,20mb,0.5,256m,1000,1000,29.4,810.9
75,20mb,0.5,256m,0,0,11.9,8661.9
75,20mb,0.5,256m,100,0,17.5,5668.4
75,20mb,0.5,256m,1000,0,12.9,7539.2
75,20mb,0.5,256m,0,250,11.4,9994.8
75,20mb,0.5,256m,100,250,12.0,10122.1
75,20mb,0.5,256m,1000,250,15.3,5968.3
75,20mb,0.5,256m,0,1000,11.5,2287.8
75,20mb,0.5,256m,100,1000,13.7,2786.6
75,20mb,0.5,256m,1000,1000,14.4,3421.6
100,20mb,0.5,256m,0,0,9.4,18195.6
100,20mb,0.5,256m,100,0,11.8,13731.0
100,20mb,0.5,256m,1000,0,10.1,15616.1
100,20mb,0.5,256m,0,250,10.1,14465.6
100,20mb,0.5,256m,100,250,11.9,15137.9
100,20mb,0.5,256m,1000,250,10.3,16514.9
100,20mb,0.5,256m,0,1000,10.0,7573.5
100,20mb,0.5,256m,100,1000,9.6,7640.4
100,20mb,0.5,256m,1000,1000,9.9,8417.9
10,20mb,0.5,512m,0,0,0.0,10.0
10,20mb,0.5,512m,100,0,0.0,6.1
10,20mb,0.5,512m,1000,0,0.0,4.1
10,20mb,0.5,512m,0,250,0.0,3.6
10,20mb,0.5,512m,100,250,0.0,4.2
10,20mb,0.5,512m,1000,250,0.0,4.2
10,20mb,0.5,512m,0,1000,0.0,3.6
10,20mb,0.5,512m,100,1000,0.0,3.7
10,20mb,0.5,512m,1000,1000,0.0,3.7
20,20mb,0.5,512m,0,0,0.0,4.1
20,20mb,0.5,512m,100,0,0.0,4.0
20,20mb,0.5,512m,1000,0,0.0,4.1
20,20mb,0.5,512m,0,250,0.0,4.1
20,20mb,0.5,512m,100,250,0.0,4.1
20,20mb,0.5,512m,1000,250,0.0,4.1
20,20mb,0.5,512m,0,1000,0.0,3.6
20,20mb,0.5,512m,100,1000,0.0,3.2
20,20mb,0.5,512m,1000,1000,0.0,3.6
40,20mb,0.5,512m,0,0,32.2,481.8
40,20mb,0.5,512m,100,0,30.8,829.2
40,20mb,0.5,512m,1000,0,30.6,402.5
40,20mb,0.5,512m,0,250,33.4,654.2
40,20mb,0.5,512m,100,250,25.6,751.1
40,20mb,0.5,512m,1000,250,32.6,419.9
40,20mb,0.5,512m,0,1000,28.6,448.6
40,20mb,0.5,512m,100,1000,29.6,734.2
40,20mb,0.5,512m,1000,1000,24.4,543.0
75,20mb,0.5,512m,0,0,23.5,3538.1
75,20mb,0.5,512m,100,0,24.4,4179.4
75,20mb,0.5,512m,1000,0,23.8,2821.0
75,20mb,0.5,512m,0,250,21.7,3521.6
75,20mb,0.5,512m,100,250,27.9,3934.8
75,20mb,0.5,512m,1000,250,24.1,3573.2
75,20mb,0.5,512m,0,1000,22.7,2269.7
75,20mb,0.5,512m,100,1000,19.0,2184.4
75,20mb,0.5,512m,1000,1000,20.3,2893.4
100,20mb,0.5,512m,0,0,19.1,8193.6
100,20mb,0.5,512m,100,0,32.9,5663.8
100,20mb,0.5,512m,1000,0,20.0,7259.5
100,20mb,0.5,512m,0,250,21.2,7402.8
100,20mb,0.5,512m,100,250,22.1,6988.8
100,20mb,0.5,512m,1000,250,19.8,7275.9
100,20mb,0.5,512m,0,1000,20.9,3774.1
100,20mb,0.5,512m,100,1000,20.5,3885.2
100,20mb,0.5,512m,1000,1000,18.3,3361.2
10,20mb,0.5,1g,0,0,0.0,15.8
10,20mb,0.5,1g,100,0,0.0,4.2
10,20mb,0.5,1g,1000,0,0.0,4.3
10,20mb,0.5,1g,0,250,0.0,4.2
10,20mb,0.5,1g,100,250,0.0,4.1
10,20mb,0.5,1g,1000,250,0.0,4.2
10,20mb,0.5,1g,0,1000,0.0,3.7
10,20mb,0.5,1g,100,1000,0.0,3.7
10,20mb,0.5,1g,1000,1000,0.0,3.7
20,20mb,0.5,1g,0,0,0.0,3.9
20,20mb,0.5,1g,100,0,0.0,4.1
20,20mb,0.5,1g,1000,0,0.0,4.0
20,20mb,0.5,1g,0,250,0.0,4.0
20,20mb,0.5,1g,100,250,0.0,4.0
20,20mb,0.5,1g,1000,250,0.0,4.1
20,20mb,0.5,1g,0,1000,0.0,3.6
20,20mb,0.5,1g,100,1000,0.0,3.6
20,20mb,0.5,1g,1000,1000,0.0,3.6
40,20mb,0.5,1g,0,0,0.0,3.6
40,20mb,0.5,1g,100,0,0.0,3.6
40,20mb,0.5,1g,1000,0,0.0,3.6
40,20mb,0.5,1g,0,250,0.0,3.7
40,20mb,0.5,1g,100,250,0.0,3.7
40,20mb,0.5,1g,1000,250,0.0,3.5
40,20mb,0.5,1g,0,1000,0.0,3.3
40,20mb,0.5,1g,100,1000,0.0,9.7
40,20mb,0.5,1g,1000,1000,0.0,3.2
75,20mb,0.5,1g,0,0,33.3,1282.5
75,20mb,0.5,1g,100,0,32.0,1256.3
75,20mb,0.5,1g,1000,0,29.8,2273.6
75,20mb,0.5,1g,0,250,30.2,1303.6
75,20mb,0.5,1g,100,250,33.3,870.9
75,20mb,0.5,1g,1000,250,61.8,818.9
75,20mb,0.5,1g,0,1000,36.9,626.4
75,20mb,0.5,1g,100,1000,0.0,2.9
75,20mb,0.5,1g,1000,1000,34.6,195.5
100,20mb,0.5,1g,0,0,23.5,6008.7
100,20mb,0.5,1g,100,0,24.1,5144.6
100,20mb,0.5,1g,1000,0,28.3,2949.8
100,20mb,0.5,1g,0,250,23.3,5095.3
100,20mb,0.5,1g,100,250,29.4,4357.1
100,20mb,0.5,1g,1000,250,24.3,4960.3
100,20mb,0.5,1g,0,1000,29.1,517.4
100,20mb,0.5,1g,100,1000,29.5,1289.4
100,20mb,0.5,1g,1000,1000,29.2,2108.1
10,20mb,1,256m,0,0,0.0,4.1
10,20mb,1,256m,100,0,0.0,4.1
10,20mb,1,256m,1000,0,0.0,4.0
10,20mb,1,256m,0,250,0.0,3.6
10,20mb,1,256m,100,250,0.0,4.2
10,20mb,1,256m,1000,250,0.0,4.1
10,20mb,1,256m,0,1000,0.0,3.6
10,20mb,1,256m,100,1000,0.0,3.7
10,20mb,1,256m,1000,1000,0.0,3.7
20,20mb,1,256m,0,0,12.8,751.1
20,20mb,1,256m,100,0,14.0,396.9
20,20mb,1,256m,1000,0,12.4,531.4
20,20mb,1,256m,0,250,16.4,293.7
20,20mb,1,256m,100,250,12.4,542.5
20,20mb,1,256m,1000,250,14.8,483.0
20,20mb,1,256m,0,1000,0.0,3.6
20,20mb,1,256m,100,1000,13.4,457.5
20,20mb,1,256m,1000,1000,17.0,146.7
40,20mb,1,256m,0,0,19.5,1715.7
40,20mb,1,256m,100,0,0.0,513.3
40,20mb,1,256m,1000,0,34.0,801.5
40,20mb,1,256m,0,250,16.4,1717.8
40,20mb,1,256m,100,250,18.5,1914.7
40,20mb,1,256m,1000,250,18.2,1927.6
40,20mb,1,256m,0,1000,0.0,499.9
40,20mb,1,256m,100,1000,14.4,925.7
40,20mb,1,256m,1000,1000,17.2,1477.9
75,20mb,1,256m,0,0,13.9,5420.7
75,20mb,1,256m,100,0,10.5,10332.4
75,20mb,1,256m,1000,0,12.2,9847.3
75,20mb,1,256m,0,250,12.7,7748.6
75,20mb,1,256m,100,250,14.3,7176.8
75,20mb,1,256m,1000,250,13.4,7759.7
75,20mb,1,256m,0,1000,14.9,2258.1
75,20mb,1,256m,100,1000,14.0,3007.8
75,20mb,1,256m,1000,1000,14.8,3142.4
100,20mb,1,256m,0,0,11.5,13152.5
100,20mb,1,256m,100,0,9.1,16443.0
100,20mb,1,256m,1000,0,12.7,12876.3
100,20mb,1,256m,0,250,11.3,14288.4
100,20mb,1,256m,100,250,9.3,16210.2
100,20mb,1,256m,1000,250,10.3,16109.1
100,20mb,1,256m,0,1000,11.4,5944.4
100,20mb,1,256m,100,1000,10.1,6842.0
100,20mb,1,256m,1000,1000,9.6,7281.6
10,20mb,1,512m,0,0,0.0,4.1
10,20mb,1,512m,100,0,0.0,4.2
10,20mb,1,512m,1000,0,0.0,4.1
10,20mb,1,512m,0,250,0.0,4.1
10,20mb,1,512m,100,250,0.0,4.1
10,20mb,1,512m,1000,250,0.0,4.0
10,20mb,1,512m,0,1000,0.0,3.6
10,20mb,1,512m,100,1000,0.0,3.7
10,20mb,1,512m,1000,1000,0.0,3.7
20,20mb,1,512m,0,0,0.0,3.4
20,20mb,1,512m,100,0,0.0,4.1
20,20mb,1,512m,1000,0,0.0,4.0
20,20mb,1,512m,0,250,0.0,4.1
20,20mb,1,512m,100,250,0.0,4.0
20,20mb,1,512m,1000,250,0.0,4.1
20,20mb,1,512m,0,1000,0.0,3.5
20,20mb,1,512m,100,1000,0.0,3.5
20,20mb,1,512m,1000,1000,0.0,3.5
40,20mb,1,512m,0,0,30.2,491.3
40,20mb,1,512m,100,0,27.2,1119.7
40,20mb,1,512m,1000,0,24.4,539.2
40,20mb,1,512m,0,250,24.6,904.8
40,20mb,1,512m,100,250,29.2,1042.1
40,20mb,1,512m,1000,250,27.6,911.1
40,20mb,1,512m,0,1000,24.4,539.0
40,20mb,1,512m,100,1000,27.2,429.2
40,20mb,1,512m,1000,1000,28.2,374.5
75,20mb,1,512m,0,0,20.1,5314.8
75,20mb,1,512m,100,0,19.5,5256.4
75,20mb,1,512m,1000,0,19.3,4783.5
75,20mb,1,512m,0,250,24.7,3001.4
75,20mb,1,512m,100,250,22.9,3362.6
75,20mb,1,512m,1000,250,20.3,5180.8
75,20mb,1,512m,0,1000,20.1,2825.0
75,20mb,1,512m,100,1000,24.4,1721.9
75,20mb,1,512m,1000,1000,22.9,1081.6
100,20mb,1,512m,0,0,20.3,6619.4
100,20mb,1,512m,100,0,19.5,6661.2
100,20mb,1,512m,1000,0,21.5,6357.3
100,20mb,1,512m,0,250,19.9,8102.1
100,20mb,1,512m,100,250,19.9,7968.4
100,20mb,1,512m,1000,250,19.6,8025.5
100,20mb,1,512m,0,1000,21.3,3855.1
100,20mb,1,512m,100,1000,23.0,1091.7
100,20mb,1,512m,1000,1000,21.0,3187.4
10,20mb,1,1g,0,0,0.0,4.8
10,20mb,1,1g,100,0,0.0,4.1
10,20mb,1,1g,1000,0,0.0,4.2
10,20mb,1,1g,0,250,0.0,4.2
10,20mb,1,1g,100,250,0.0,4.2
10,20mb,1,1g,1000,250,0.0,4.1
10,20mb,1,1g,0,1000,0.0,3.7
10,20mb,1,1g,100,1000,0.0,3.3
10,20mb,1,1g,1000,1000,0.0,3.7
20,20mb,1,1g,0,0,0.0,4.0
20,20mb,1,1g,100,0,0.0,4.0
20,20mb,1,1g,1000,0,0.0,4.0
20,20mb,1,1g,0,250,0.0,4.0
20,20mb,1,1g,100,250,0.0,4.1
20,20mb,1,1g,1000,250,0.0,4.0
20,20mb,1,1g,0,1000,0.0,3.6
20,20mb,1,1g,100,1000,0.0,2.9
20,20mb,1,1g,1000,1000,0.0,3.6
40,20mb,1,1g,0,0,0.0,3.5
40,20mb,1,1g,100,0,0.0,3.5
40,20mb,1,1g,1000,0,0.0,3.4
40,20mb,1,1g,0,250,0.0,3.6
40,20mb,1,1g,100,250,0.0,3.6
40,20mb,1,1g,1000,250,0.0,3.7
40,20mb,1,1g,0,1000,0.0,3.2
40,20mb,1,1g,100,1000,0.0,3.3
40,20mb,1,1g,1000,1000,0.0,11.5
75,20mb,1,1g,0,0,50.2,1250.5
75,20mb,1,1g,100,0,29.8,2301.6
75,20mb,1,1g,1000,0,33.2,1148.8
75,20mb,1,1g,0,250,30.0,2214.1
75,20mb,1,1g,100,250,35.1,424.7
75,20mb,1,1g,1000,250,29.9,2241.4
75,20mb,1,1g,0,1000,33.3,467.5
75,20mb,1,1g,100,1000,30.0,1246.4
75,20mb,1,1g,1000,1000,36.9,597.5
100,20mb,1,1g,0,0,0.0,8.8
100,20mb,1,1g,100,0,23.5,4360.9
100,20mb,1,1g,1000,0,23.4,5148.5
100,20mb,1,1g,0,250,99.4,6.5
100,20mb,1,1g,100,250,29.3,2397.0
100,20mb,1,1g,1000,250,29.8,2232.5
100,20mb,1,1g,0,1000,24.1,1998.2
100,20mb,1,1g,100,1000,24.4,2590.8
100,20mb,1,1g,1000,1000,23.4,2289.3
10,20mb,2,256m,0,0,0.0,4.0
10,20mb,2,256m,100,0,0.0,4.1
10,20mb,2,256m,1000,0,0.0,4.1
10,20mb,2,256m,0,250,0.0,4.1
10,20mb,2,256m,100,250,0.0,4.3
10,20mb,2,256m,1000,250,0.0,4.1
10,20mb,2,256m,0,1000,0.0,3.6
10,20mb,2,256m,100,1000,0.0,3.7
10,20mb,2,256m,1000,1000,0.0,3.7
20,20mb,2,256m,0,0,11.8,537.9
20,20mb,2,256m,100,0,13.2,447.1
20,20mb,2,256m,1000,0,14.0,410.9
20,20mb,2,256m,0,250,0.0,628.0
20,20mb,2,256m,100,250,0.0,548.1
20,20mb,2,256m,1000,250,15.4,361.5
20,20mb,2,256m,0,1000,14.4,267.9
20,20mb,2,256m,100,1000,17.4,76.6
20,20mb,2,256m,1000,1000,10.6,480.4
40,20mb,2,256m,0,0,24.8,968.5
40,20mb,2,256m,100,0,25.6,1475.5
40,20mb,2,256m,1000,0,16.2,2398.1
40,20mb,2,256m,0,250,0.0,581.7
40,20mb,2,256m,100,250,13.9,1814.2
40,20mb,2,256m,1000,250,24.8,772.0
40,20mb,2,256m,0,1000,16.9,1271.6
40,20mb,2,256m,100,1000,0.0,581.6
40,20mb,2,256m,1000,1000,0.0,453.1
75,20mb,2,256m,0,0,10.6,6014.2
75,20mb,2,256m,100,0,13.9,5984.2
75,20mb,2,256m,1000,0,13.3,7507.9
75,20mb,2,256m,0,250,11.7,6596.0
75,20mb,2,256m,100,250,12.1,5767.3
75,20mb,2,256m,1000,250,12.6,5479.4
75,20mb,2,256m,0,1000,15.6,2311.5
75,20mb,2,256m,100,1000,60.4,8.1
75,20mb,2,256m,1000,1000,11.6,2665.0
100,20mb,2,256m,0,0,11.5,13109.1
100,20mb,2,256m,100,0,57.6,1391.1
100,20mb,2,256m,1000,0,10.5,16540.9
100,20mb,2,256m,0,250,10.5,15009.1
100,20mb,2,256m,100,250,9.7,16632.1
100,20mb,2,256m,1000,250,10.2,15608.0
100,20mb,2,256m,0,1000,10.4,7090.8
100,20mb,2,256m,100,1000,10.4,6507.0
100,20mb,2,256m,1000,1000,10.8,5461.0
10,20mb,2,512m,0,0,0.0,3.3
10,20mb,2,512m,100,0,0.0,4.0
10,20mb,2,512m,1000,0,0.0,3.4
10,20mb,2,512m,0,250,0.0,4.2
10,20mb,2,512m,100,250,0.0,4.2
10,20mb,2,512m,1000,250,0.0,4.2
10,20mb,2,512m,0,1000,0.0,3.7
10,20mb,2,512m,100,1000,0.0,3.6
10,20mb,2,512m,1000,1000,0.0,3.7
20,20mb,2,512m,0,0,0.0,4.0
20,20mb,2,512m,100,0,0.0,4.0
20,20mb,2,512m,1000,0,0.0,4.0
20,20mb,2,512m,0,250,0.0,4.0
20,20mb,2,512m,100,250,0.0,4.1
20,20mb,2,512m,1000,250,0.0,4.1
20,20mb,2,512m,0,1000,0.0,14.0
20,20mb,2,512m,100,1000,0.0,3.6
20,20mb,2,512m,1000,1000,0.0,6.1
40,20mb,2,512m,0,0,34.0,318.4
40,20mb,2,512m,100,0,0.0,3.6
40,20mb,2,512m,1000,0,31.4,789.7
40,20mb,2,512m,0,250,25.0,480.1
40,20mb,2,512m,100,250,31.2,596.3
40,20mb,2,512m,1000,250,29.0,516.7
40,20mb,2,512m,0,1000,24.0,611.9
40,20mb,2,512m,100,1000,32.0,256.6
40,20mb,2,512m,1000,1000,33.6,268.5
75,20mb,2,512m,0,0,19.1,4682.3
75,20mb,2,512m,100,0,27.2,1401.8
75,20mb,2,512m,1000,0,34.0,1194.5
75,20mb,2,512m,0,250,29.2,1894.0
75,20mb,2,512m,100,250,21.1,1857.0
75,20mb,2,512m,1000,250,27.8,2958.3
75,20mb,2,512m,0,1000,23.7,2044.3
75,20mb,2,512m,100,1000,20.9,2389.1
75,20mb,2,512m,1000,1000,21.0,1626.6
100,20mb,2,512m,0,0,19.5,6567.5
100,20mb,2,512m,100,0,23.9,7177.3
100,20mb,2,512m,1000,0,91.0,945.6
100,20mb,2,512m,0,250,21.6,5246.3
100,20mb,2,512m,100,250,19.9,8099.4
100,20mb,2,512m,1000,250,19.2,7187.1
100,20mb,2,512m,0,1000,23.5,3643.6
100,20mb,2,512m,100,1000,99.6,833.9
100,20mb,2,512m,1000,1000,21.3,3797.5
10,20mb,2,1g,0,0,0.0,3.2
10,20mb,2,1g,100,0,0.0,4.0
10,20mb,2,1g,1000,0,0.0,4.3
10,20mb,2,1g,0,250,0.0,4.1
10,20mb,2,1g,100,250,0.0,4.3
10,20mb,2,1g,1000,250,0.0,4.1
10,20mb,2,1g,0,1000,0.0,3.7
10,20mb,2,1g,100,1000,0.0,3.7
10,20mb,2,1g,1000,1000,0.0,3.7
20,20mb,2,1g,0,0,0.0,3.9
20,20mb,2,1g,100,0,0.0,4.0
20,20mb,2,1g,1000,0,0.0,4.1
20,20mb,2,1g,0,250,0.0,4.1
20,20mb,2,1g,100,250,0.0,4.0
20,20mb,2,1g,1000,250,0.0,3.4
20,20mb,2,1g,0,1000,0.0,3.6
20,20mb,2,1g,100,1000,0.0,3.6
20,20mb,2,1g,1000,1000,0.0,3.6
40,20mb,2,1g,0,0,0.0,3.5
40,20mb,2,1g,100,0,0.0,14.1
40,20mb,2,1g,1000,0,0.0,3.4
40,20mb,2,1g,0,250,0.0,3.6
40,20mb,2,1g,100,250,0.0,3.5
40,20mb,2,1g,1000,250,0.0,3.6
40,20mb,2,1g,0,1000,0.0,3.3
40,20mb,2,1g,100,1000,0.0,3.2
40,20mb,2,1g,1000,1000,0.0,3.2
75,20mb,2,1g,0,0,0.0,4.4
75,20mb,2,1g,100,0,0.0,3.4
75,20mb,2,1g,1000,0,34.9,704.7
75,20mb,2,1g,0,250,31.7,1054.9
75,20mb,2,1g,100,250,56.8,1156.5
75,20mb,2,1g,1000,250,32.3,1030.8
75,20mb,2,1g,0,1000,49.4,1255.9
75,20mb,2,1g,100,1000,0.0,3.2
75,20mb,2,1g,1000,1000,35.0,535.3
100,20mb,2,1g,0,0,23.3,4976.7
100,20mb,2,1g,100,0,0.0,3.9
100,20mb,2,1g,1000,0,79.0,764.3
100,20mb,2,1g,0,250,91.2,613.4
100,20mb,2,1g,100,250,30.3,3587.9
100,20mb,2,1g,1000,250,23.2,5230.8
100,20mb,2,1g,0,1000,24.1,1867.6
100,20mb,2,1g,100,1000,29.4,1124.8
100,20mb,2,1g,1000,1000,24.6,1851.7
10,10mb,0.5,256m,0,0,0.0,4.1
10,10mb,0.5,256m,100,0,0.0,4.2
10,10mb,0.5,256m,1000,0,0.0,4.1
10,10mb,0.5,256m,0,250,0.0,4.1
10,10mb,0.5,256m,100,250,0.0,4.2
10,10mb,0.5,256m,1000,250,0.0,4.4
10,10mb,0.5,256m,0,1000,0.0,3.7
10,10mb,0.5,256m,100,1000,0.0,3.7
10,10mb,0.5,256m,1000,1000,0.0,3.6
20,10mb,0.5,256m,0,0,16.4,412.5
20,10mb,0.5,256m,100,0,18.4,356.8
20,10mb,0.5,256m,1000,0,18.6,148.3
20,10mb,0.5,256m,0,250,15.6,630.6
20,10mb,0.5,256m,100,250,13.2,692.8
20,10mb,0.5,256m,1000,250,16.2,353.4
20,10mb,0.5,256m,0,1000,13.6,697.1
20,10mb,0.5,256m,100,1000,15.2,436.5
20,10mb,0.5,256m,1000,1000,14.2,354.1
40,10mb,0.5,256m,0,0,9.4,5650.8
40,10mb,0.5,256m,100,0,11.9,2891.6
40,10mb,0.5,256m,1000,0,12.7,2885.1
40,10mb,0.5,256m,0,250,18.0,2523.1
40,10mb,0.5,256m,100,250,11.1,3518.0
40,10mb,0.5,256m,1000,250,35.4,748.5
40,10mb,0.5,256m,0,1000,9.2,1577.1
40,10mb,0.5,256m,100,1000,12.9,1369.0
40,10mb,0.5,256m,1000,1000,14.4,1948.4
75,10mb,0.5,256m,0,0,4.9,26583.6
75,10mb,0.5,256m,100,0,5.6,22944.0
75,10mb,0.5,256m,1000,0,5.8,23741.8
75,10mb,0.5,256m,0,250,6.2,19260.3
75,10mb,0.5,256m,100,250,6.1,22445.3
75,10mb,0.5,256m,1000,250,4.7,28101.0
75,10mb,0.5,256m,0,1000,4.8,9998.1
75,10mb,0.5,256m,100,1000,5.5,8075.6
75,10mb,0.5,256m,1000,1000,5.2,4985.8
100,10mb,0.5,256m,0,0,5.5,31261.5
100,10mb,0.5,256m,100,0,6.1,31249.9
100,10mb,0.5,256m,1000,0,5.5,32207.7
100,10mb,0.5,256m,0,250,4.7,41982.9
100,10mb,0.5,256m,100,250,5.8,35882.9
100,10mb,0.5,256m,1000,250,4.5,40798.1
100,10mb,0.5,256m,0,1000,4.8,22794.6
100,10mb,0.5,256m,100,1000,5.1,18696.3
100,10mb,0.5,256m,1000,1000,5.7,13945.3
10,10mb,0.5,512m,0,0,0.0,4.0
10,10mb,0.5,512m,100,0,0.0,4.2
10,10mb,0.5,512m,1000,0,0.0,4.2
10,10mb,0.5,512m,0,250,0.0,4.2
10,10mb,0.5,512m,100,250,0.0,4.1
10,10mb,0.5,512m,1000,250,0.0,4.2
10,10mb,0.5,512m,0,1000,0.0,3.6
10,10mb,0.5,512m,100,1000,0.0,3.7
10,10mb,0.5,512m,1000,1000,0.0,3.6
20,10mb,0.5,512m,0,0,0.0,3.9
20,10mb,0.5,512m,100,0,0.0,4.0
20,10mb,0.5,512m,1000,0,0.0,4.0
20,10mb,0.5,512m,0,250,0.0,4.1
20,10mb,0.5,512m,100,250,0.0,4.1
20,10mb,0.5,512m,1000,250,0.0,4.0
20,10mb,0.5,512m,0,1000,0.0,3.6
20,10mb,0.5,512m,100,1000,0.0,3.6
20,10mb,0.5,512m,1000,1000,0.0,3.5
40,10mb,0.5,512m,0,0,14.2,1772.5
40,10mb,0.5,512m,100,0,28.2,1586.5
40,10mb,0.5,512m,1000,0,12.9,2907.8
40,10mb,0.5,512m,0,250,12.5,3050.4
40,10mb,0.5,512m,100,250,12.6,3000.3
40,10mb,0.5,512m,1000,250,28.0,1723.1
40,10mb,0.5,512m,0,1000,12.6,1259.9
40,10mb,0.5,512m,100,1000,16.7,486.6
40,10mb,0.5,512m,1000,1000,16.7,474.7
75,10mb,0.5,512m,0,0,10.5,11732.8
75,10mb,0.5,512m,100,0,10.4,11726.7
75,10mb,0.5,512m,1000,0,10.5,9650.6
75,10mb,0.5,512m,0,250,11.8,7167.7
75,10mb,0.5,512m,100,250,11.8,7471.9
75,10mb,0.5,512m,1000,250,11.1,5603.8
75,10mb,0.5,512m,0,1000,11.3,3778.7
75,10mb,0.5,512m,100,1000,10.5,4145.4
75,10mb,0.5,512m,1000,1000,10.5,4331.6
100,10mb,0.5,512m,0,0,7.8,12392.1
100,10mb,0.5,512m,100,0,10.6,16623.0
100,10mb,0.5,512m,1000,0,10.9,13962.0
100,10mb,0.5,512m,0,250,10.9,12654.4
100,10mb,0.5,512m,100,250,10.5,16513.5
100,10mb,0.5,512m,1000,250,10.9,16140.0
100,10mb,0.5,512m,0,1000,10.5,6412.5
100,10mb,0.5,512m,100,1000,10.6,7063.7
100,10mb,0.5,512m,1000,1000,10.6,7137.0
10,10mb,0.5,1g,0,0,0.0,4.1
10,10mb,0.5,1g,100,0,0.0,4.2
10,10mb,0.5,1g,1000,0,0.0,4.2
10,10mb,0.5,1g,0,250,0.0,4.1
10,10mb,0.5,1g,100,250,0.0,4.1
10,10mb,0.5,1g,1000,250,0.0,4.1
10,10mb,0.5,1g,0,1000,0.0,3.7
10,10mb,0.5,1g,100,1000,0.0,3.6
10,10mb,0.5,1g,1000,1000,0.0,3.7
20,10mb,0.5,1g,0,0,0.0,4.0
20,10mb,0.5,1g,100,0,0.0,4.0
20,10mb,0.5,1g,1000,0,0.0,4.1
20,10mb,0.5,1g,0,250,0.0,4.0
20,10mb,0.5,1g,100,250,0.0,7.5
20,10mb,0.5,1g,1000,250,0.0,4.3
20,10mb,0.5,1g,0,1000,0.0,3.6
20,10mb,0.5,1g,100,1000,0.0,3.6
20,10mb,0.5,1g,1000,1000,0.0,3.5
40,10mb,0.5,1g,0,0,0.0,3.5
40,10mb,0.5,1g,100,0,0.0,3.5
40,10mb,0.5,1g,1000,0,0.0,3.3
40,10mb,0.5,1g,0,250,0.0,3.5
40,10mb,0.5,1g,100,250,0.0,3.7
40,10mb,0.5,1g,1000,250,0.0,3.5
40,10mb,0.5,1g,0,1000,0.0,3.2
40,10mb,0.5,1g,100,1000,0.0,3.3
40,10mb,0.5,1g,1000,1000,0.0,3.0
75,10mb,0.5,1g,0,0,14.4,5699.9
75,10mb,0.5,1g,100,0,14.4,5737.5
75,10mb,0.5,1g,1000,0,17.3,1950.9
75,10mb,0.5,1g,0,250,74.4,3.9
75,10mb,0.5,1g,100,250,16.9,2344.7
75,10mb,0.5,1g,1000,250,17.4,2672.5
75,10mb,0.5,1g,0,1000,14.2,2036.3
75,10mb,0.5,1g,100,1000,16.8,667.9
75,10mb,0.5,1g,1000,1000,14.5,922.1
100,10mb,0.5,1g,0,0,14.0,5330.4
100,10mb,0.5,1g,100,0,13.4,8331.7
100,10mb,0.5,1g,1000,0,13.0,11508.1
100,10mb,0.5,1g,0,250,14.3,3520.8
100,10mb,0.5,1g,100,250,13.4,7539.9
100,10mb,0.5,1g,1000,250,13.4,8877.6
100,10mb,0.5,1g,0,1000,14.0,910.4
100,10mb,0.5,1g,100,1000,13.4,2052.4
100,10mb,0.5,1g,1000,1000,13.6,1117.6
10,10mb,1,256m,0,0,0.0,4.0
10,10mb,1,256m,100,0,0.0,4.3
10,10mb,1,256m,1000,0,0.0,4.3
10,10mb,1,256m,0,250,0.0,4.1
10,10mb,1,256m,100,250,0.0,4.1
10,10mb,1,256m,1000,250,0.0,4.1
10,10mb,1,256m,0,1000,0.0,3.7
10,10mb,1,256m,100,1000,0.0,3.6
10,10mb,1,256m,1000,1000,0.0,3.6
20,10mb,1,256m,0,0,10.4,968.3
20,10mb,1,256m,100,0,16.0,349.9
20,10mb,1,256m,1000,0,15.0,507.7
20,10mb,1,256m,0,250,13.4,1239.0
20,10mb,1,256m,100,250,15.6,499.6
20,10mb,1,256m,1000,250,15.4,375.6
20,10mb,1,256m,0,1000,15.6,341.3
20,10mb,1,256m,100,1000,12.2,495.5
20,10mb,1,256m,1000,1000,18.8,345.7
40,10mb,1,256m,0,0,9.4,6162.6
40,10mb,1,256m,100,0,0.0,958.0
40,10mb,1,256m,1000,0,10.7,4855.6
40,10mb,1,256m,0,250,0.0,965.6
40,10mb,1,256m,100,250,0.0,556.3
40,10mb,1,256m,1000,250,14.4,1907.1
40,10mb,1,256m,0,1000,0.0,848.1
40,10mb,1,256m,100,1000,16.4,1640.3
40,10mb,1,256m,1000,1000,9.2,1538.3
75,10mb,1,256m,0,0,7.4,22306.1
75,10mb,1,256m,100,0,6.1,24944.6
75,10mb,1,256m,1000,0,12.6,1103.1
75,10mb,1,256m,0,250,6.7,25496.8
75,10mb,1,256m,100,250,6.3,21075.1
75,10mb,1,256m,1000,250,6.5,18815.3
75,10mb,1,256m,0,1000,5.9,6436.1
75,10mb,1,256m,100,1000,6.0,6642.1
75,10mb,1,256m,1000,1000,5.8,7470.7
100,10mb,1,256m,0,0,4.6,40867.8
100,10mb,1,256m,100,0,5.9,34565.2
100,10mb,1,256m,1000,0,4.4,41819.9
100,10mb,1,256m,0,250,5.8,33329.9
100,10mb,1,256m,100,250,5.1,38641.2
100,10mb,1,256m,1000,250,5.5,35179.7
100,10mb,1,256m,0,1000,4.5,18102.6
100,10mb,1,256m,100,1000,5.4,16313.8
100,10mb,1,256m,1000,1000,5.0,18021.9
10,10mb,1,512m,0,0,0.0,4.1
10,10mb,1,512m,100,0,0.0,4.1
10,10mb,1,512m,1000,0,0.0,4.1
10,10mb,1,512m,0,250,0.0,4.2
10,10mb,1,512m,100,250,0.0,4.2
10,10mb,1,512m,1000,250,0.0,4.1
10,10mb,1,512m,0,1000,0.0,3.6
10,10mb,1,512m,100,1000,0.0,3.7
10,10mb,1,512m,1000,1000,0.0,3.7
20,10mb,1,512m,0,0,0.0,4.0
20,10mb,1,512m,100,0,0.0,4.0
20,10mb,1,512m,1000,0,0.0,4.0
20,10mb,1,512m,0,250,0.0,4.0
20,10mb,1,512m,100,250,0.0,4.1
20,10mb,1,512m,1000,250,0.0,4.0
20,10mb,1,512m,0,1000,0.0,3.5
20,10mb,1,512m,100,1000,0.0,3.6
20,10mb,1,512m,1000,1000,0.0,3.5
40,10mb,1,512m,0,0,25.2,1311.0
40,10mb,1,512m,100,0,16.9,1307.0
40,10mb,1,512m,1000,0,15.6,1647.5
40,10mb,1,512m,0,250,16.0,1423.0
40,10mb,1,512m,100,250,14.1,1757.2
40,10mb,1,512m,1000,250,15.6,1604.7
40,10mb,1,512m,0,1000,12.6,1471.9
40,10mb,1,512m,100,1000,12.8,1207.3
40,10mb,1,512m,1000,1000,26.8,1145.9
75,10mb,1,512m,0,0,11.4,10909.7
75,10mb,1,512m,100,0,10.6,8355.6
75,10mb,1,512m,1000,0,10.6,11767.4
75,10mb,1,512m,0,250,10.6,10304.7
75,10mb,1,512m,100,250,11.2,10989.8
75,10mb,1,512m,1000,250,11.3,10264.7
75,10mb,1,512m,0,1000,11.7,1676.0
75,10mb,1,512m,100,1000,10.6,3331.9
75,10mb,1,512m,1000,1000,11.8,1788.4
100,10mb,1,512m,0,0,10.9,15472.7
100,10mb,1,512m,100,0,10.7,17110.0
100,10mb,1,512m,1000,0,11.0,12765.0
100,10mb,1,512m,0,250,10.4,17230.3
100,10mb,1,512m,100,250,10.7,17394.2
100,10mb,1,512m,1000,250,10.7,16767.8
100,10mb,1,512m,0,1000,10.4,5412.1
100,10mb,1,512m,100,1000,10.7,7482.0
100,10mb,1,512m,1000,1000,9.6,1015.6
10,10mb,1,1g,0,0,0.0,4.0
10,10mb,1,1g,100,0,0.0,4.1
10,10mb,1,1g,1000,0,0.0,4.1
10,10mb,1,1g,0,250,0.0,4.1
10,10mb,1,1g,100,250,0.0,4.2
10,10mb,1,1g,1000,250,0.0,4.8
10,10mb,1,1g,0,1000,0.0,5.1
10,10mb,1,1g,100,1000,0.0,3.6
10,10mb,1,1g,1000,1000,0.0,3.7
20,10mb,1,1g,0,0,0.0,3.9
20,10mb,1,1g,100,0,0.0,4.0
20,10mb,1,1g,1000,0,0.0,3.9
20,10mb,1,1g,0,250,0.0,4.0
20,10mb,1,1g,100,250,0.0,4.1
20,10mb,1,1g,1000,250,0.0,4.0
20,10mb,1,1g,0,1000,0.0,3.5
20,10mb,1,1g,100,1000,0.0,3.5
20,10mb,1,1g,1000,1000,0.0,3.5
40,10mb,1,1g,0,0,0.0,3.6
40,10mb,1,1g,100,0,0.0,3.7
40,10mb,1,1g,1000,0,0.0,3.6
40,10mb,1,1g,0,250,0.0,3.5
40,10mb,1,1g,100,250,0.0,3.4
40,10mb,1,1g,1000,250,0.0,3.4
40,10mb,1,1g,0,1000,0.0,3.1
40,10mb,1,1g,100,1000,0.0,3.2
40,10mb,1,1g,1000,1000,0.0,3.1
75,10mb,1,1g,0,0,13.9,6050.2
75,10mb,1,1g,100,0,17.1,2456.3
75,10mb,1,1g,1000,0,14.0,5529.9
75,10mb,1,1g,0,250,17.7,3242.8
75,10mb,1,1g,100,250,15.0,3304.3
75,10mb,1,1g,1000,250,16.7,3215.5
75,10mb,1,1g,0,1000,17.4,1563.5
75,10mb,1,1g,100,1000,17.6,1264.7
75,10mb,1,1g,1000,1000,18.4,3.0
100,10mb,1,1g,0,0,12.9,9859.6
100,10mb,1,1g,100,0,13.1,11627.1
100,10mb,1,1g,1000,0,13.7,7025.6
100,10mb,1,1g,0,250,14.1,4906.3
100,10mb,1,1g,100,250,13.0,8719.2
100,10mb,1,1g,1000,250,13.0,9024.5
100,10mb,1,1g,0,1000,12.9,3679.4
100,10mb,1,1g,100,1000,12.4,1975.1
100,10mb,1,1g,1000,1000,13.6,1004.1
10,10mb,2,256m,0,0,0.0,4.0
10,10mb,2,256m,100,0,0.0,4.1
10,10mb,2,256m,1000,0,0.0,4.1
10,10mb,2,256m,0,250,0.0,4.2
10,10mb,2,256m,100,250,0.0,4.2
10,10mb,2,256m,1000,250,0.0,4.3
10,10mb,2,256m,0,1000,0.0,3.7
10,10mb,2,256m,100,1000,0.0,3.7
10,10mb,2,256m,1000,1000,0.0,3.6
20,10mb,2,256m,0,0,11.0,779.4
20,10mb,2,256m,100,0,11.2,768.6
20,10mb,2,256m,1000,0,16.6,298.7
20,10mb,2,256m,0,250,14.6,1025.4
20,10mb,2,256m,100,250,15.0,676.8
20,10mb,2,256m,1000,250,9.3,1054.3
20,10mb,2,256m,0,1000,16.2,374.6
20,10mb,2,256m,100,1000,15.6,341.7
20,10mb,2,256m,1000,1000,15.4,346.9
40,10mb,2,256m,0,0,16.8,1920.0
40,10mb,2,256m,100,0,9.4,6419.0
40,10mb,2,256m,1000,0,0.0,559.8
40,10mb,2,256m,0,250,9.2,6264.7
40,10mb,2,256m,100,250,0.0,622.4
40,10mb,2,256m,1000,250,9.4,5646.4
40,10mb,2,256m,0,1000,11.5,1422.2
40,10mb,2,256m,100,1000,9.3,1478.9
40,10mb,2,256m,1000,1000,9.4,1730.3
75,10mb,2,256m,0,0,5.3,25799.6
75,10mb,2,256m,100,0,10.3,2412.1
75,10mb,2,256m,1000,0,53.0,832.6
75,10mb,2,256m,0,250,6.3,23119.0
75,10mb,2,256m,100,250,51.8,5.5
75,10mb,2,256m,1000,250,6.1,19213.4
75,10mb,2,256m,0,1000,5.0,7311.0
75,10mb,2,256m,100,1000,23.7,129.4
75,10mb,2,256m,1000,1000,5.7,2181.0
100,10mb,2,256m,0,0,5.0,36419.8
100,10mb,2,256m,100,0,11.6,3.4
100,10mb,2,256m,1000,0,5.1,36457.9
100,10mb,2,256m,0,250,5.6,33402.5
100,10mb,2,256m,100,250,16.0,6.5
100,10mb,2,256m,1000,250,4.6,40375.2
100,10mb,2,256m,0,1000,5.4,18356.3
100,10mb,2,256m,100,1000,23.8,758.2
100,10mb,2,256m,1000,1000,47.4,119.2
10,10mb,2,512m,0,0,0.0,4.0
10,10mb,2,512m,100,0,0.0,4.1
10,10mb,2,512m,1000,0,0.0,4.2
10,10mb,2,512m,0,250,0.0,4.1
10,10mb,2,512m,100,250,0.0,4.2
10,10mb,2,512m,1000,250,0.0,4.1
10,10mb,2,512m,0,1000,0.0,3.7
10,10mb,2,512m,100,1000,0.0,3.6
10,10mb,2,512m,1000,1000,0.0,3.7
20,10mb,2,512m,0,0,0.0,4.0
20,10mb,2,512m,100,0,0.0,4.1
20,10mb,2,512m,1000,0,0.0,4.1
20,10mb,2,512m,0,250,0.0,4.0
20,10mb,2,512m,100,250,0.0,4.1
20,10mb,2,512m,1000,250,0.0,4.0
20,10mb,2,512m,0,1000,0.0,3.6
20,10mb,2,512m,100,1000,0.0,3.6
20,10mb,2,512m,1000,1000,0.0,3.6
40,10mb,2,512m,0,0,21.4,817.6
40,10mb,2,512m,100,0,0.0,36.5
40,10mb,2,512m,1000,0,16.2,1301.2
40,10mb,2,512m,0,250,33.0,632.7
40,10mb,2,512m,100,250,13.0,2561.1
40,10mb,2,512m,1000,250,16.2,1272.1
40,10mb,2,512m,0,1000,27.4,1072.3
40,10mb,2,512m,100,1000,24.8,974.4
40,10mb,2,512m,1000,1000,13.0,536.9
75,10mb,2,512m,0,0,11.2,11065.0
75,10mb,2,512m,100,0,11.7,9183.6
75,10mb,2,512m,1000,0,10.6,11378.8
75,10mb,2,512m,0,250,10.6,7908.2
75,10mb,2,512m,100,250,11.5,10698.0
75,10mb,2,512m,1000,250,10.5,9662.9
75,10mb,2,512m,0,1000,10.9,2390.5
75,10mb,2,512m,100,1000,10.7,3639.7
75,10mb,2,512m,1000,1000,0.0,3.0
100,10mb,2,512m,0,0,10.6,16477.5
100,10mb,2,512m,100,0,10.3,16475.6
100,10mb,2,512m,1000,0,10.5,16656.8
100,10mb,2,512m,0,250,11.0,12427.6
100,10mb,2,512m,100,250,11.0,12905.7
100,10mb,2,512m,1000,250,9.9,13912.4
100,10mb,2,512m,0,1000,10.9,4698.2
100,10mb,2,512m,100,1000,10.6,7267.2
100,10mb,2,512m,1000,1000,10.4,4218.1
10,10mb,2,1g,0,0,0.0,4.0
10,10mb,2,1g,100,0,0.0,4.0
10,10mb,2,1g,1000,0,0.0,4.2
10,10mb,2,1g,0,250,0.0,4.1
10,10mb,2,1g,100,250,0.0,4.2
10,10mb,2,1g,1000,250,0.0,4.1
10,10mb,2,1g,0,1000,0.0,3.6
10,10mb,2,1g,100,1000,0.0,3.6
10,10mb,2,1g,1000,1000,0.0,3.7
20,10mb,2,1g,0,0,0.0,4.0
20,10mb,2,1g,100,0,0.0,4.0
20,10mb,2,1g,1000,0,0.0,4.4
20,10mb,2,1g,0,250,0.0,4.2
20,10mb,2,1g,100,250,0.0,3.8
20,10mb,2,1g,1000,250,0.0,4.0
20,10mb,2,1g,0,1000,0.0,3.3
20,10mb,2,1g,100,1000,0.0,3.5
20,10mb,2,1g,1000,1000,0.0,3.5
40,10mb,2,1g,0,0,0.0,3.5
40,10mb,2,1g,100,0,0.0,3.6
40,10mb,2,1g,1000,0,0.0,3.4
40,10mb,2,1g,0,250,0.0,3.6
40,10mb,2,1g,100,250,0.0,3.6
40,10mb,2,1g,1000,250,0.0,3.5
40,10mb,2,1g,0,1000,0.0,3.1
40,10mb,2,1g,100,1000,0.0,3.1
40,10mb,2,1g,1000,1000,0.0,3.1
75,10mb,2,1g,0,0,17.5,1599.7
75,10mb,2,1g,100,0,17.2,2607.0
75,10mb,2,1g,1000,0,17.6,1680.9
75,10mb,2,1g,0,250,17.5,3570.8
75,10mb,2,1g,100,250,17.5,2468.5
75,10mb,2,1g,1000,250,14.0,5756.6
75,10mb,2,1g,0,1000,17.6,1561.3
75,10mb,2,1g,100,1000,14.0,2015.2
75,10mb,2,1g,1000,1000,14.2,1630.0
100,10mb,2,1g,0,0,0.0,3.7
100,10mb,2,1g,100,0,13.9,6128.3
100,10mb,2,1g,1000,0,14.2,3479.0
100,10mb,2,1g,0,250,14.0,5325.2
100,10mb,2,1g,100,250,13.9,6357.7
100,10mb,2,1g,1000,250,14.1,1641.3
100,10mb,2,1g,0,1000,13.3,1409.8
100,10mb,2,1g,100,1000,14.0,801.4
100,10mb,2,1g,1000,1000,12.9,4333.5